{"stats":{"minecraft:broken":{"minecraft:wooden_pickaxe":1,"minecraft:stone_pickaxe":1,"minecraft:diamond_shovel":1,"minecraft:wooden_axe":2},"minecraft:mined":{"minecraft:tuff":8,"minecraft:white_bed":1,"minecraft:mossy_cobblestone":17,"minecraft:deepslate_diamond_ore":33,"minecraft:cherry_log":80,"minecraft:cobblestone_stairs":8,"minecraft:obsidian":23,"minecraft:grass_block":362,"minecraft:crimson_roots":2,"minecraft:soul_soil":1,"minecraft:kelp":14,"minecraft:sandstone":75,"minecraft:carrots":130,"minecraft:furnace":3,"minecraft:cobbled_deepslate":5,"minecraft:iron_ore":8,"minecraft:andesite":29,"minecraft:deepslate_lapis_ore":5,"minecraft:bell":1,"minecraft:polished_deepslate":1,"minecraft:potatoes":224,"minecraft:deepslate_iron_ore":26,"minecraft:dirt_path":96,"minecraft:stone":287,"minecraft:bone_block":86,"minecraft:jungle_fence_gate":2,"minecraft:deepslate_redstone_ore":20,"minecraft:cherry_planks":5,"minecraft:kelp_plant":13,"minecraft:soul_fire":9,"minecraft:crafting_table":6,"minecraft:oak_fence":19,"minecraft:torch":1,"minecraft:short_grass":11,"minecraft:chest":1,"minecraft:nether_quartz_ore":12,"minecraft:cobblestone":12,"minecraft:copper_ore":37,"minecraft:tall_grass":6,"minecraft:deepslate_gold_ore":22,"minecraft:sugar_cane":10,"minecraft:oak_planks":9,"minecraft:wall_torch":5,"minecraft:pink_petals":2,"minecraft:cherry_fence":1,"minecraft:jungle_fence":8,"minecraft:coal_ore":22,"minecraft:oak_log":58,"minecraft:cherry_leaves":27,"minecraft:gravel":6,"minecraft:dripstone_block":1,"minecraft:sand":432,"minecraft:dirt":1193,"minecraft:netherrack":5,"minecraft:oak_leaves":2,"minecraft:deepslate":133},"minecraft:killed_by":{"minecraft:creeper":1},"minecraft:custom":{"minecraft:mob_kills":19,"minecraft:animals_bred":5,"minecraft:interact_with_crafting_table":35,"minecraft:leave_game":5,"minecraft:time_since_death":107752,"minecraft:sprint_one_cm":392953,"minecraft:walk_one_cm":593769,"minecraft:drop":27,"minecraft:talked_to_villager":3,"minecraft:play_time":165155,"minecraft:sneak_time":11672,"minecraft:deaths":1,"minecraft:walk_under_water_one_cm":29515,"minecraft:jump":2074,"minecraft:walk_on_water_one_cm":37228,"minecraft:total_world_time":165155,"minecraft:interact_with_furnace":74,"minecraft:sleep_in_bed":1,"minecraft:time_since_rest":59791,"minecraft:damage_taken":1829,"minecraft:damage_dealt":3300,"minecraft:swim_one_cm":14308,"minecraft:fly_one_cm":345850,"minecraft:open_chest":47,"minecraft:crouch_one_cm":38747,"minecraft:fall_one_cm":39834},"minecraft:used":{"minecraft:stone_sword":55,"minecraft:enchanting_table":1,"minecraft:polished_deepslate":34,"minecraft:flint_and_steel":3,"minecraft:stone_shovel":35,"minecraft:chest":5,"minecraft:torch":71,"minecraft:dirt":452,"minecraft:carrot":275,"minecraft:tuff":1,"minecraft:obsidian":15,"minecraft:glass":35,"minecraft:iron_hoe":191,"minecraft:wooden_axe":114,"minecraft:lava_bucket":1,"minecraft:furnace":9,"minecraft:oak_sapling":2,"minecraft:potato":353,"minecraft:cooked_beef":6,"minecraft:cobbled_deepslate":45,"minecraft:cherry_fence":30,"minecraft:water_bucket":8,"minecraft:baked_potato":4,"minecraft:stone_pickaxe":213,"minecraft:oak_planks":94,"minecraft:wooden_pickaxe":46,"minecraft:cherry_planks":145,"minecraft:diamond_axe":103,"minecraft:crafting_table":7,"minecraft:diamond_pickaxe":515,"minecraft:apple":2,"minecraft:diamond_shovel":2047,"minecraft:bread":7,"minecraft:iron_pickaxe":136,"minecraft:cobblestone":47,"minecraft:cooked_porkchop":9,"minecraft:bucket":13,"minecraft:bone_meal":765},"minecraft:dropped":{"minecraft:wheat_seeds":4,"minecraft:baked_potato":128,"minecraft:mossy_cobblestone":15,"minecraft:dripstone_block":1,"minecraft:oak_fence":12,"minecraft:cobblestone":6,"minecraft:coal":10,"minecraft:cobblestone_stairs":8,"minecraft:flint":1,"minecraft:stick":2,"minecraft:dirt":256,"minecraft:pink_petals":6,"minecraft:polished_deepslate":31,"minecraft:gravel":3,"minecraft:kelp":33,"minecraft:raw_copper":64,"minecraft:tuff":5,"minecraft:pointed_dripstone":1,"minecraft:white_bed":1,"minecraft:carrot":39,"minecraft:flint_and_steel":1,"minecraft:sandstone":5},"minecraft:crafted":{"minecraft:cherry_planks":248,"minecraft:oak_planks":180,"minecraft:stone_shovel":1,"minecraft:furnace":6,"minecraft:bone_meal":765,"minecraft:diamond_shovel":2,"minecraft:flint_and_steel":1,"minecraft:glass":53,"minecraft:iron_boots":1,"minecraft:polished_deepslate":92,"minecraft:iron_hoe":1,"minecraft:stone_pickaxe":2,"minecraft:chest":4,"minecraft:cherry_fence":45,"minecraft:cooked_beef":7,"minecraft:cooked_porkchop":9,"minecraft:diamond_axe":1,"minecraft:crafting_table":2,"minecraft:enchanting_table":1,"minecraft:baked_potato":258,"minecraft:wooden_pickaxe":1,"minecraft:iron_helmet":1,"minecraft:bucket":3,"minecraft:air":0,"minecraft:iron_chestplate":1,"minecraft:book":5,"minecraft:paper":18,"minecraft:diamond_pickaxe":1,"minecraft:stick":64,"minecraft:iron_ingot":33,"minecraft:iron_pickaxe":1,"minecraft:wooden_axe":2,"minecraft:stone_sword":1,"minecraft:iron_leggings":1,"minecraft:torch":48},"minecraft:picked_up":{"minecraft:crafting_table":7,"minecraft:iron_chestplate":1,"minecraft:polished_deepslate":1,"minecraft:soul_soil":1,"minecraft:raw_copper":198,"minecraft:iron_leggings":1,"minecraft:cobbled_deepslate":178,"minecraft:beef":7,"minecraft:iron_pickaxe":1,"minecraft:sugar_cane":36,"minecraft:chest":1,"minecraft:iron_boots":1,"minecraft:furnace":4,"minecraft:sandstone":38,"minecraft:stick":13,"minecraft:raw_iron":36,"minecraft:oak_fence":15,"minecraft:torch":14,"minecraft:porkchop":9,"minecraft:cherry_log":135,"minecraft:pointed_dripstone":3,"minecraft:carrot":434,"minecraft:redstone":156,"minecraft:rotten_flesh":6,"minecraft:stone_sword":1,"minecraft:arrow":4,"minecraft:stone_shovel":1,"minecraft:saddle":1,"minecraft:obsidian":43,"minecraft:bone_block":85,"minecraft:cobblestone":324,"minecraft:pink_petals":6,"minecraft:cooked_beef":3,"minecraft:cherry_planks":6,"minecraft:andesite":22,"minecraft:leather":10,"minecraft:jungle_fence":8,"minecraft:potato":816,"minecraft:flint":2,"minecraft:tuff":13,"minecraft:oak_log":57,"minecraft:cherry_fence":1,"minecraft:cobblestone_stairs":8,"minecraft:lapis_lazuli":58,"minecraft:dirt":1552,"minecraft:bone":1,"minecraft:apple":2,"minecraft:kelp":33,"minecraft:bow":2,"minecraft:wheat_seeds":8,"minecraft:raw_gold":42,"minecraft:bell":1,"minecraft:stone_pickaxe":1,"minecraft:oak_planks":6,"minecraft:poisonous_potato":1,"minecraft:quartz":12,"minecraft:dripstone_block":2,"minecraft:gravel":8,"minecraft:lava_bucket":1,"minecraft:sand":406,"minecraft:white_bed":1,"minecraft:mossy_cobblestone":31,"minecraft:diamond":54,"minecraft:iron_helmet":1,"minecraft:cherry_sapling":38,"minecraft:bread":20,"minecraft:oak_sapling":4,"minecraft:netherrack":5,"minecraft:coal":37,"minecraft:crimson_roots":2,"minecraft:diamond_pickaxe":1},"minecraft:killed":{"minecraft:spider":1,"minecraft:skeleton":3,"minecraft:pig":4,"minecraft:zombie":7,"minecraft:cow":4}},"DataVersion":3953}