{"stats":{"minecraft:broken":{"minecraft:iron_pickaxe":1},"minecraft:mined":{"minecraft:white_bed":1,"minecraft:mossy_cobblestone":9,"minecraft:deepslate_diamond_ore":8,"minecraft:cherry_log":15,"minecraft:jungle_leaves":110,"minecraft:granite":7,"minecraft:grass_block":10,"minecraft:jungle_planks":6,"minecraft:jungle_log":48,"minecraft:redstone_wire":13,"minecraft:soul_soil":1,"minecraft:chiseled_stone_bricks":3,"minecraft:redstone_ore":4,"minecraft:glowstone":11,"minecraft:carrots":67,"minecraft:furnace":4,"minecraft:fire":1,"minecraft:iron_ore":10,"minecraft:sticky_piston":3,"minecraft:cobbled_deepslate":4,"minecraft:deepslate_lapis_ore":12,"minecraft:rail":1,"minecraft:deepslate_iron_ore":53,"minecraft:vine":9,"minecraft:oak_stairs":1,"minecraft:bamboo":3,"minecraft:stone":66,"minecraft:tripwire":2,"minecraft:deepslate_redstone_ore":7,"minecraft:cherry_planks":1,"minecraft:soul_sand":6,"minecraft:crafting_table":12,"minecraft:torch":2,"minecraft:short_grass":8,"minecraft:melon":2,"minecraft:nether_quartz_ore":10,"minecraft:glass":4,"minecraft:tall_grass":4,"minecraft:copper_ore":14,"minecraft:cobblestone":17,"minecraft:deepslate_gold_ore":15,"minecraft:lapis_ore":4,"minecraft:sugar_cane":2,"minecraft:wall_torch":9,"minecraft:pink_petals":1,"minecraft:jungle_fence":1,"minecraft:oak_log":13,"minecraft:coal_ore":75,"minecraft:cocoa":7,"minecraft:dirt":16,"minecraft:cobweb":1,"minecraft:tripwire_hook":1,"minecraft:dispenser":2,"minecraft:netherrack":15,"minecraft:oak_leaves":12,"minecraft:deepslate":59,"minecraft:nether_gold_ore":7},"minecraft:killed_by":{"minecraft:creeper":2,"minecraft:skeleton":5,"minecraft:zombie":4},"minecraft:custom":{"minecraft:mob_kills":23,"minecraft:animals_bred":2,"minecraft:interact_with_crafting_table":33,"minecraft:leave_game":2,"minecraft:time_since_death":97573,"minecraft:climb_one_cm":6928,"minecraft:sprint_one_cm":383372,"minecraft:walk_one_cm":282250,"minecraft:drop":34,"minecraft:talked_to_villager":1,"minecraft:play_time":167307,"minecraft:deaths":11,"minecraft:sneak_time":10382,"minecraft:walk_under_water_one_cm":3662,"minecraft:jump":2389,"minecraft:walk_on_water_one_cm":5958,"minecraft:enchant_item":2,"minecraft:total_world_time":167307,"minecraft:interact_with_furnace":55,"minecraft:sleep_in_bed":7,"minecraft:time_since_rest":11211,"minecraft:damage_taken":5416,"minecraft:damage_dealt":3288,"minecraft:swim_one_cm":3077,"minecraft:fly_one_cm":526167,"minecraft:open_chest":65,"minecraft:crouch_one_cm":35752,"minecraft:fall_one_cm":71814,"minecraft:inspect_dispenser":2},"minecraft:used":{"minecraft:oak_fence":4,"minecraft:cherry_sapling":5,"minecraft:iron_shovel":1,"minecraft:flint_and_steel":23,"minecraft:chest":2,"minecraft:iron_sword":35,"minecraft:netherrack":4,"minecraft:cooked_salmon":4,"minecraft:rotten_flesh":6,"minecraft:iron_chestplate":1,"minecraft:torch":60,"minecraft:dirt":30,"minecraft:jungle_planks":28,"minecraft:carrot":101,"minecraft:granite":7,"minecraft:jungle_sapling":4,"minecraft:glass":32,"minecraft:wooden_axe":39,"minecraft:jungle_fence_gate":2,"minecraft:iron_axe":8,"minecraft:iron_helmet":1,"minecraft:iron_boots":1,"minecraft:bamboo":26,"minecraft:glowstone":1,"minecraft:soul_soil":1,"minecraft:furnace":6,"minecraft:cooked_cod":3,"minecraft:cobbled_deepslate":9,"minecraft:golden_boots":2,"minecraft:cooked_mutton":20,"minecraft:baked_potato":2,"minecraft:stone_pickaxe":75,"minecraft:jungle_fence":13,"minecraft:oak_planks":1,"minecraft:wooden_pickaxe":13,"minecraft:cherry_planks":1,"minecraft:composter":1,"minecraft:cobblestone_slab":78,"minecraft:sugar_cane":5,"minecraft:crafting_table":14,"minecraft:white_bed":2,"minecraft:oak_log":2,"minecraft:diamond_pickaxe":78,"minecraft:bread":3,"minecraft:iron_pickaxe":251,"minecraft:golden_leggings":1,"minecraft:stone_axe":57,"minecraft:pink_petals":1,"minecraft:wooden_sword":34,"minecraft:cobblestone":25,"minecraft:cooked_porkchop":2,"minecraft:bucket":1,"minecraft:bone_meal":6,"minecraft:golden_pickaxe":16},"minecraft:dropped":{"minecraft:water_bucket":1,"minecraft:bread":3,"minecraft:golden_boots":1,"minecraft:wheat_seeds":1,"minecraft:oak_log":2,"minecraft:jungle_planks":4,"minecraft:rail":12,"minecraft:flint":2,"minecraft:dirt":8,"minecraft:dispenser":6,"minecraft:torch":33,"minecraft:wooden_axe":1,"minecraft:cherry_button":1,"minecraft:iron_shovel":2,"minecraft:oak_trapdoor":4,"minecraft:oak_planks":1,"minecraft:potato":2,"minecraft:cobblestone_slab":66,"minecraft:redstone_torch":4,"minecraft:spider_eye":3,"minecraft:sandstone":5,"minecraft:powered_rail":6,"minecraft:stone_pickaxe":1,"minecraft:wooden_pickaxe":1},"minecraft:crafted":{"minecraft:cherry_planks":60,"minecraft:wooden_sword":1,"minecraft:cobblestone_slab":66,"minecraft:oak_planks":44,"minecraft:jungle_fence_gate":2,"minecraft:furnace":2,"minecraft:bone_meal":6,"minecraft:cooked_mutton":13,"minecraft:iron_boots":1,"minecraft:iron_axe":2,"minecraft:stone_pickaxe":1,"minecraft:chest":2,"minecraft:jungle_fence":15,"minecraft:cooked_porkchop":4,"minecraft:crafting_table":2,"minecraft:powered_rail":6,"minecraft:wooden_pickaxe":1,"minecraft:iron_helmet":1,"minecraft:iron_sword":1,"minecraft:cherry_button":1,"minecraft:stone_axe":1,"minecraft:glowstone":1,"minecraft:air":0,"minecraft:jungle_planks":92,"minecraft:iron_chestplate":1,"minecraft:diamond_pickaxe":1,"minecraft:stick":76,"minecraft:iron_ingot":31,"minecraft:iron_pickaxe":1,"minecraft:wooden_axe":1,"minecraft:gold_ingot":18,"minecraft:iron_shovel":2,"minecraft:iron_leggings":1,"minecraft:white_bed":1,"minecraft:redstone_torch":3,"minecraft:torch":128},"minecraft:picked_up":{"minecraft:cocoa_beans":24,"minecraft:iron_chestplate":2,"minecraft:crafting_table":17,"minecraft:golden_pickaxe":3,"minecraft:oak_stairs":1,"minecraft:oak_trapdoor":4,"minecraft:string":11,"minecraft:soul_soil":1,"minecraft:raw_copper":123,"minecraft:cooked_salmon":14,"minecraft:wooden_sword":2,"minecraft:flint_and_steel":1,"minecraft:sticky_piston":3,"minecraft:iron_shovel":4,"minecraft:gold_nugget":32,"minecraft:cobbled_deepslate":109,"minecraft:bucket":1,"minecraft:redstone_torch":1,"minecraft:cobblestone_slab":78,"minecraft:jungle_sapling":4,"minecraft:iron_pickaxe":5,"minecraft:melon_slice":14,"minecraft:sugar_cane":5,"minecraft:furnace":6,"minecraft:raw_iron":98,"minecraft:stick":16,"minecraft:sandstone":5,"minecraft:composter":1,"minecraft:oak_fence":4,"minecraft:torch":121,"minecraft:porkchop":4,"minecraft:cherry_log":15,"minecraft:carrot":117,"minecraft:redstone":123,"minecraft:rotten_flesh":26,"minecraft:arrow":11,"minecraft:cooked_cod":9,"minecraft:mutton":13,"minecraft:rail":1,"minecraft:white_wool":9,"minecraft:cobblestone":110,"minecraft:pink_petals":1,"minecraft:repeater":1,"minecraft:cherry_planks":1,"minecraft:jungle_log":48,"minecraft:golden_leggings":5,"minecraft:jungle_fence":1,"minecraft:oak_log":15,"minecraft:golden_boots":6,"minecraft:lapis_lazuli":239,"minecraft:dirt":52,"minecraft:cooked_mutton":59,"minecraft:glass":64,"minecraft:bone":8,"minecraft:wheat_seeds":1,"minecraft:raw_gold":19,"minecraft:iron_ingot":8,"minecraft:glowstone_dust":38,"minecraft:bamboo":25,"minecraft:soul_sand":6,"minecraft:oak_planks":19,"minecraft:iron_sword":5,"minecraft:chiseled_stone_bricks":3,"minecraft:quartz":10,"minecraft:jungle_planks":188,"minecraft:white_bed":1,"minecraft:spider_eye":6,"minecraft:mossy_cobblestone":9,"minecraft:dispenser":6,"minecraft:diamond":8,"minecraft:lever":3,"minecraft:granite":7,"minecraft:baked_potato":64,"minecraft:netherrack":15,"minecraft:coal":413},"minecraft:killed":{"minecraft:cave_spider":1,"minecraft:spider":2,"minecraft:skeleton":4,"minecraft:pig":2,"minecraft:sheep":9,"minecraft:zombie":5}},"DataVersion":3953}