{"stats":{"minecraft:broken":{"minecraft:stone_sword":1,"minecraft:stone_hoe":2,"minecraft:stone_axe":1,"minecraft:stone_shovel":3},"minecraft:mined":{"minecraft:white_bed":3,"minecraft:farmland":84,"minecraft:mossy_cobblestone":3,"minecraft:cobblestone_stairs":1,"minecraft:cherry_log":27,"minecraft:grass_block":208,"minecraft:oak_pressure_plate":1,"minecraft:composter":1,"minecraft:sandstone":8,"minecraft:hay_block":25,"minecraft:tall_seagrass":1,"minecraft:oak_trapdoor":12,"minecraft:furnace":4,"minecraft:carrots":83,"minecraft:fire":2,"minecraft:andesite":1,"minecraft:pumpkin":17,"minecraft:potatoes":4,"minecraft:water_cauldron":8,"minecraft:dirt_path":145,"minecraft:rail":10,"minecraft:oak_stairs":2,"minecraft:bamboo":51,"minecraft:stone":111,"minecraft:redstone_wall_torch":2,"minecraft:jungle_trapdoor":3,"minecraft:glass_pane":1,"minecraft:kelp_plant":1,"minecraft:oak_fence":8,"minecraft:crafting_table":6,"minecraft:torch":2,"minecraft:short_grass":458,"minecraft:glass":6,"minecraft:cobblestone":25,"minecraft:tall_grass":34,"minecraft:copper_ore":4,"minecraft:sugar_cane":28,"minecraft:oak_planks":10,"minecraft:wall_torch":10,"minecraft:pink_petals":18,"minecraft:seagrass":7,"minecraft:cobblestone_wall":1,"minecraft:redstone_torch":2,"minecraft:wheat":19,"minecraft:jungle_fence":10,"minecraft:coal_ore":2,"minecraft:oak_log":30,"minecraft:sand":290,"minecraft:cherry_leaves":24,"minecraft:gravel":3,"minecraft:dirt":336,"minecraft:suspicious_gravel":1},"minecraft:killed_by":{"minecraft:creeper":1},"minecraft:custom":{"minecraft:mob_kills":42,"minecraft:animals_bred":1,"minecraft:interact_with_crafting_table":31,"minecraft:bell_ring":1,"minecraft:time_since_death":175538,"minecraft:climb_one_cm":368,"minecraft:sprint_one_cm":357205,"minecraft:walk_one_cm":690147,"minecraft:drop":51,"minecraft:play_time":182526,"minecraft:deaths":1,"minecraft:sneak_time":6558,"minecraft:walk_under_water_one_cm":15439,"minecraft:boat_one_cm":63462,"minecraft:jump":2985,"minecraft:walk_on_water_one_cm":26897,"minecraft:total_world_time":182526,"minecraft:interact_with_furnace":117,"minecraft:sleep_in_bed":4,"minecraft:time_since_rest":37412,"minecraft:damage_taken":1124,"minecraft:damage_dealt":5370,"minecraft:swim_one_cm":32954,"minecraft:fly_one_cm":572290,"minecraft:open_chest":158,"minecraft:crouch_one_cm":23721,"minecraft:fall_one_cm":59208,"minecraft:inspect_dispenser":1},"minecraft:used":{"minecraft:oak_trapdoor":1,"minecraft:cherry_boat":8,"minecraft:oak_fence":8,"minecraft:stone_sword":149,"minecraft:iron_shovel":420,"minecraft:dispenser":1,"minecraft:stone_shovel":401,"minecraft:poppy":1,"minecraft:chest":6,"minecraft:stone_hoe":262,"minecraft:torch":36,"minecraft:dirt":706,"minecraft:mutton":1,"minecraft:carrot":161,"minecraft:jungle_trapdoor":6,"minecraft:glass":122,"minecraft:cherry_button":1,"minecraft:bamboo":84,"minecraft:furnace":8,"minecraft:egg":1,"minecraft:cooked_beef":8,"minecraft:potato":2,"minecraft:cooked_mutton":5,"minecraft:water_bucket":25,"minecraft:powered_rail":6,"minecraft:stone_pickaxe":178,"minecraft:baked_potato":1,"minecraft:jungle_fence":10,"minecraft:wooden_pickaxe":3,"minecraft:cobblestone_slab":108,"minecraft:sand":1,"minecraft:rail":20,"minecraft:crafting_table":7,"minecraft:white_bed":5,"minecraft:redstone_torch":8,"minecraft:oxeye_daisy":1,"minecraft:bread":10,"minecraft:oak_pressure_plate":1,"minecraft:stone_axe":131,"minecraft:jungle_sign":2,"minecraft:cobblestone":11,"minecraft:andesite":1,"minecraft:bucket":25,"minecraft:dandelion":1,"minecraft:bone_meal":21},"minecraft:dropped":{"minecraft:bread":16,"minecraft:wheat_seeds":95,"minecraft:oak_pressure_plate":8,"minecraft:oak_fence":5,"minecraft:stick":3,"minecraft:dirt":8,"minecraft:ink_sac":2,"minecraft:torch":12,"minecraft:cooked_cod":3,"minecraft:cooked_salmon":4,"minecraft:oak_stairs":2,"minecraft:pink_petals":51,"minecraft:bucket":1,"minecraft:dandelion":1,"minecraft:composter":1,"minecraft:cooked_mutton":7,"minecraft:carrot":43,"minecraft:filled_map":2,"minecraft:cobblestone_slab":78,"minecraft:glass":64,"minecraft:stone_pickaxe":2},"minecraft:crafted":{"minecraft:cherry_planks":92,"minecraft:cobblestone_slab":120,"minecraft:stone_shovel":3,"minecraft:furnace":4,"minecraft:cherry_boat":1,"minecraft:jungle_trapdoor":4,"minecraft:bone_meal":21,"minecraft:cooked_mutton":9,"minecraft:glass":197,"minecraft:stone_pickaxe":3,"minecraft:chest":6,"minecraft:stone_hoe":2,"minecraft:wheat":225,"minecraft:cooked_beef":26,"minecraft:crafting_table":1,"minecraft:wooden_pickaxe":1,"minecraft:bucket":1,"minecraft:stone_axe":2,"minecraft:bread":79,"minecraft:air":0,"minecraft:jungle_planks":36,"minecraft:stick":16,"minecraft:iron_ingot":32,"minecraft:stone_sword":2,"minecraft:iron_shovel":1,"minecraft:white_bed":2,"minecraft:jungle_sign":3},"minecraft:picked_up":{"minecraft:crafting_table":7,"minecraft:oak_stairs":4,"minecraft:jungle_trapdoor":4,"minecraft:string":2,"minecraft:oak_trapdoor":8,"minecraft:raw_copper":10,"minecraft:iron_shovel":1,"minecraft:cherry_boat":8,"minecraft:beef":45,"minecraft:redstone_torch":8,"minecraft:cobblestone_slab":66,"minecraft:poppy":3,"minecraft:sugar_cane":66,"minecraft:cherry_button":1,"minecraft:furnace":4,"minecraft:egg":1,"minecraft:stick":16,"minecraft:sandstone":45,"minecraft:oak_door":1,"minecraft:composter":1,"minecraft:oak_fence":24,"minecraft:torch":48,"minecraft:porkchop":2,"minecraft:cherry_log":51,"minecraft:carrot":297,"minecraft:cauldron":8,"minecraft:hay_block":25,"minecraft:mutton":25,"minecraft:rail":22,"minecraft:cobblestone":144,"minecraft:white_wool":8,"minecraft:oxeye_daisy":1,"minecraft:pink_petals":93,"minecraft:cherry_planks":72,"minecraft:water_bucket":1,"minecraft:andesite":19,"minecraft:brown_wool":2,"minecraft:leather":23,"minecraft:jungle_fence":10,"minecraft:potato":4,"minecraft:oak_log":30,"minecraft:cobblestone_wall":1,"minecraft:cobblestone_stairs":1,"minecraft:dirt":1106,"minecraft:cooked_mutton":3,"minecraft:kelp":18,"minecraft:wheat_seeds":96,"minecraft:bell":1,"minecraft:iron_ingot":5,"minecraft:stone_pickaxe":2,"minecraft:bamboo":358,"minecraft:powered_rail":6,"minecraft:oak_planks":10,"minecraft:pumpkin":17,"minecraft:dandelion":2,"minecraft:oak_pressure_plate":12,"minecraft:gravel":2,"minecraft:sand":308,"minecraft:ink_sac":2,"minecraft:white_bed":4,"minecraft:mossy_cobblestone":3,"minecraft:dispenser":2,"minecraft:stone_axe":1,"minecraft:cherry_sapling":14,"minecraft:gray_wool":1,"minecraft:baked_potato":64,"minecraft:black_wool":2,"minecraft:coal":12},"minecraft:killed":{"minecraft:spider":1,"minecraft:drowned":1,"minecraft:pig":1,"minecraft:iron_golem":1,"minecraft:sheep":11,"minecraft:zombie":1,"minecraft:villager":1,"minecraft:cow":25}},"DataVersion":3953}