{"stats":{"minecraft:mined":{"minecraft:pink_petals":3,"minecraft:cherry_log":1,"minecraft:short_grass":1,"minecraft:grass_block":2,"minecraft:cherry_leaves":1,"minecraft:dirt":5,"minecraft:tall_grass":1,"minecraft:stone":5},"minecraft:killed_by":{"minecraft:skeleton":1},"minecraft:used":{"minecraft:cooked_mutton":1,"minecraft:cherry_sapling":3,"minecraft:stone_pickaxe":19,"minecraft:pink_petals":21,"minecraft:dirt":12,"minecraft:cobblestone":11,"minecraft:egg":3,"minecraft:cherry_log":1},"minecraft:custom":{"minecraft:time_since_rest":8370,"minecraft:sprint_one_cm":34915,"minecraft:interact_with_furnace":3,"minecraft:damage_taken":570,"minecraft:walk_one_cm":24224,"minecraft:mob_kills":1,"minecraft:drop":7,"minecraft:damage_dealt":288,"minecraft:interact_with_crafting_table":2,"minecraft:fly_one_cm":105740,"minecraft:play_time":26748,"minecraft:deaths":2,"minecraft:sneak_time":3,"minecraft:walk_under_water_one_cm":831,"minecraft:jump":530,"minecraft:leave_game":1,"minecraft:walk_on_water_one_cm":303,"minecraft:time_since_death":8317,"minecraft:total_world_time":26748,"minecraft:fall_one_cm":19179},"minecraft:crafted":{"minecraft:cooked_mutton":6,"minecraft:air":0},"minecraft:dropped":{"minecraft:cooked_mutton":3,"minecraft:pink_petals":4},"minecraft:picked_up":{"minecraft:pink_petals":65,"minecraft:cherry_log":1,"minecraft:dirt":12,"minecraft:wheat_seeds":4,"minecraft:stone_pickaxe":1,"minecraft:cherry_sapling":3,"minecraft:cobblestone":11,"minecraft:egg":3},"minecraft:killed":{"minecraft:zombie":1}},"DataVersion":3953}